"nome","telefone"
"Extensão de Cílios | Itaim Paulista SP","5511962080737"
"Franciely Alves - Sobrancelhas | Lábios | Cursos em SP","5511985279960"
"Salão de Beleza em Itaim Paulista - Angelo's Salon - Cabelo & Estetica","5511958350112"
"Francisscabeleireiros","5511997622849"
"New Realce Cabeleireiros","5511940099702"
"Salão Me Belle","5511975056121"
"La Rosa Studio Mooca","5511995514465"
"Biron Cabeleireiro","5511967932916"
"Espaço Erica","5511959108461"
"Estética Magia Hair","551126046672"
"Cosméticos Linha Profissional","551135643130"
"Oi Linda Estúdio de Beleza","5511997543321"
"Tenisia Estética & Beleza","5511953772941"
"Morado Beauty Company","5511917735467"
"AS Esmalteria & Beleza","5511982536550"
"Cosmo Coiffeur","5511967782519"
"Elaine Cabeleireira","551126712899"
"Studio Letícia Cravo","5511939055049"
"Lanna Soares Estética","5511986788534"
"Espaço Ana Monteiro","551129111959"
"Sahaircabelereiros","5511947789287"
"Studio Z","551126052584"
"Espaço Raffa Gomes","5511987083048"
"Studio R Novaque - Cabeleireiro Visagista Profissional","5511983151757"
"Ceres","551126712278"
"Tony Carneiro - Depilação Masculina","5511950912526"
"Studio Braba dos cílios","5511993399532"
"Gabriela Araújo Nail Designer","5511954779643"
"Bodyprime","5511976500589"
"Studio Thamara Moreira","5511979502603"
"Studio Janete Costa","5511998270922"
"Se cuida boneca clinic","551121933933"
"Lepetti","551122681681"
"Studio Rose Santos","5511963058686"
"Maison Cherie","551126718132"
"Paróquia Nossa Senhora de Lourdes","551126068309"
"Studio Carol Cezarano - Esteticista","5511947389103"
"Pure Pilates - Água Rasa - Vila Diva","5511975366060"
"Studio Cross 8 – Anália Franco","5511921064234"
"REDFIT Academia - Água Rasa","5511913006939"
"Callegari Academia - Escola de Danças","551129665747"
"Pilates STUDIO FLUE I Yoga e Técnica Hipopressiva - Regente Feijó I Água Rasa","5511953598850"
"Salão de Beleza Studio JBL","5511987206188"
"Alooks Hair Studio","551134442288"
"Beto","5511981615545"
"Kazuko Cabelo e Estética","551125327462"
"Salão Bem Me Quero","5511951770652"
"Studio Star | Beleza e Estética By: Aurea Honorato","5511910196432"
"Loripps Cabeleireiros","551127835525"
"Marcelo e Sandra Salão de Beleza","5511987200872"
"Salão de beleza Brilho E Estillo","551127225723"
"Única Sempre - Salão de Beleza Aricanduva","5511984373363"
"Alice Bella Hair","5511952945581"
"Studio Beatriz Ogawa","5511991179707"
"Studio AB Beauty","5511996671117"
"Adriana Oliveira Cabelo estética fácil e corporal","5511982899738"
"DESIGN HAIR AND BODY","551127253084"
"Beleza em Foco","5511979956433"
"Arte & Beleza Concept Beauty","5511963594447"
"Espaço Blessed Club","5511949007409"
"Studio Missi - Unhas, Cílios e Sobrancelhas","5511992594149"
"Thfioseformas | Especialista Cabelos Femininos","5511933994489"
"Barbearia Senior Kids","5511975377250"
"Studio 4 Vanda e Cabeleireiros","5511947888261"
"Salão de Beleza Gleyce Nardes | Tranças | Mega Hair | Cabelos Crespos e Cacheados | Artur Alvim SP","5511980789244"
"Studio T - Hair & Beauty","5511947775539"
"Espaço Nara - Esmalteria especializada em alongamento Unha","5511945556814"
"Studio M","5511978585000"
"The Place - Especialista em crespos e cacheados","5511981424510"
"Daniele Gama | Studio de Beleza","5511940012960"
"Irene Cabeleireiros","5511979606197"
"Eximio's Fashion Hair","551127422910"
"Silvana Martins Clinic","5511952363061"
"Mattos Cabeleireiros","551127415921"
"Belle Époque -Dia da Noiva , Cabelo , Depilação Laser e Estética","5511995024561"
"Studio Edileuza Moreira","5511991942810"
"Mundo Das Sobrancelhas - unidade Artur Alvim","551125923770"
"Marcolina Hair Style - Salão de Beleza","5511966048379"
"Studio Angela Beleza e Estética","5511951420710"
"Studio Honda - Micropigmentação e Design de Sobrancelhas","5511930714562"
"Salão de Beleza Flavia New Fashion","5511981409370"
"Studio Arte e Beleza","5511947598511"
"Especialista em Loiros e Morenas iluminadas Marcia Rocha","5511954421167"
"Donn Cabeleireiros","5511960740481"
"Espaço Tabata Nogueira","5511930081944"
"Isabella Oliveira Beauty","5511914889615"
"Harmony Beauty Salon","5511994121223"
"Instituto de Beleza Miguel Faustino","5511984754138"
"Studio villa’s - Estética/ Cílios / Depilação","5511986072793"
"Salāo Styllus","551123593875"
"Tina Hair - Artur Alvim","551122544882"
"Espaço dos cílios","5511951941454"
"Espaço Ebenezer :Unhas -Cílios -Sobrancelha -Depilação -Cabelo em Geral","5511966937086"
"ESCOLA DE CABELEIREIROS NONAKA | ARTUR ALVIM","551127429631"
"Fox Cabeleireiros","551127418274"
"Michelly.nails01alongamentode unha,fibra de vidro,gel,esmalteria na região da zona leste Artur Alvim extensão de cílios","5511919854393"
"Esmalteria Artur Alvim","5511987455638"
"Esmalteria e podólogia","5511966782632"
"Studio A Cabeleireiros Unissex","5511987214098"
"Studio Josie de Souza","5511986226051"
"Studio GM Hair","5511970869066"
"ANGEL SANCTO CABELEIREIROS","5511962508017"
"Jaqueline Alcantara nails Artur Alvim","5511918263306"
"Silvia_Hair_Designer","5511959916916"
"Teca Salão de Beleza","551134191009"
"Safira Cabeleireiros, barbearia, manicure e sobrancelha","5511991682116"
"Thereza Hair","5511930928691"
"Alexia Grejamin Sobrancelhas e Cílios Beauty & Academy","5511998108218"
"STUDIO ELAINE SOUSA","5511962242361"
"Patrícia Moura Esmaltação em gel e alongamentos","5511958595693"
"New York Cabeleireiros","5511975941244"
"Studio Adriana Barbosa","5511954951161"
"Soul Lashes & Beauty","5511964265969"
"Studio Glamour CosmaeFabio","5511980478847"
"Studio Nathy's","5511959750195"
"Studio Jéssica Santos JS Beauty","5511993421115"
"Manheze Beauty","5511951486284"
"Belezza Black","551127689848"
"Dupretto Cabeleireiros","551127410101"
"Zona Leste Barbearia - Especialista em corte de cabelo Masculino de alto nivel","551132975035"
"Salao Lourdes","5511953914885"
"Studio Fran Kapelly","5511962108365"
